{
  "means": {
    "min_insert_size_Match": 170.6775267194848,
    "mean_insert_size_Match": 287.7244720736622,
    "stdev_insert_size_Match": 82.92589807280987,
    "max_insert_size_Match": 408.57590156968854,
    "min_mapq_Match": 32.644525122662365,
    "mean_mapq_Match": 39.62912734689643,
    "stdev_mapq_Match": 3.2732883413419507,
    "max_mapq_Match": 41.71984690708727,
    "min_al_score_Match": -19.973078365490494,
    "mean_al_score_Match": -6.679148710369204,
    "stdev_al_score_Match": 6.653780792867614,
    "max_al_score_Match": -0.7208558696688233,
    "seq_window_perc_gc": 0,
    "seq_window_entropy": 0,
    "coverage": 12.57
  },
  "stdevs": {
    "min_insert_size_Match": 106.31938490533899,
    "mean_insert_size_Match": 94.94670540361213,
    "stdev_insert_size_Match": 61.75489063627155,
    "max_insert_size_Match": 162.84647421248863,
    "min_mapq_Match": 14.485755224965601,
    "mean_mapq_Match": 5.337341942888761,
    "stdev_mapq_Match": 5.299184326017584,
    "max_mapq_Match": 2.6109717973757993,
    "min_al_score_Match": 21.454104066489002,
    "mean_al_score_Match": 8.148875327220045,
    "stdev_al_score_Match": 7.458284759600565,
    "max_al_score_Match": 3.252073174749619,
    "seq_window_perc_gc": 0,
    "seq_window_entropy": 0,
    "coverage": 8.14
  }
}
